{"cameraMode":{"drawMode":0,"name":"Shaded","section":"Shading Mode"},"sceneLighting":false,"audioPlay":false,"sceneViewState":{"showFog":false,"showMaterialUpdate":false,"showSkybox":true,"showFlares":true,"showImageEffects":true,"showParticleSystems":true},"in2DMode":false,"pivot":{"x":170.8159942626953,"y":369.29425048828127,"z":0.0},"rotation":{"x":0.009117279201745987,"y":0.9779930710792542,"z":-0.20384591817855836,"w":0.04374369978904724},"size":74.14210510253906,"orthographic":false}